,batch_size,decay,dropout,lr,num_units,wlen
0,16,9.254787428093703e-05,-0.4984982362087843,9.207023244459954e-06,100,90
