,Train MSE,Dev MSE,Test MSE,Train MAE,Dev MAE,Test MAE
0,0.00013423351046182178,0.00026403269038977924,0.0005080136016356115,0.007783589077495005,0.010382405612998892,0.01975264482357609
