,batch_size,decay,dropout,lr,num_units,wlen
0,32,2.1532315881600146e-07,-0.13095266500947803,3.2232707494274833e-06,200,110
