,Train MSE,Dev MSE,Test MSE,Train MAE,Dev MAE,Test MAE
0,0.0005257719650751565,0.0007052811354130813,0.0022778899818211274,0.015336199535281331,0.017266915741794533,0.03889403028875228
