,batch_size,decay,dropout,lr,num_units,wlen
0,128,1.8888949030740062e-06,-0.41706496152941963,0.0020415504617186434,300,130
