,Train MSE,Dev MSE,Test MSE,Train MAE,Dev MAE,Test MAE
0,0.00022083561733289578,0.00031274361196080986,0.0001464997841165202,0.011003327211154705,0.012798376887561599,0.009712514982714167
