,batch_size,decay,dropout,lr,num_units,wlen
0,128,0.00010017051484391984,-0.2954104334034614,0.00031025137697613417,100,90
