,Train MSE,Dev MSE,Test MSE,Train MAE,Dev MAE,Test MAE
0,0.00010558615150470405,0.00022618595892632835,0.0007104413508538418,0.007015476433473351,0.009045911664106853,0.021797399769798605
