,batch_size,decay,dropout,lr,num_units,wlen
0,128,3.4645880168515646e-06,-0.3232665620366129,2.6768619558896017e-05,200,90
