,Train MSE,Dev MSE,Test MSE,Train MAE,Dev MAE,Test MAE
0,0.0002938825720201097,0.00037219687187800245,0.0009575324775253069,0.010851924148246607,0.012203165183151501,0.027933956951198456
