,Train MSE,Dev MSE,Test MSE,Train MAE,Dev MAE,Test MAE
0,0.00014921121689387003,0.00039045654109890973,0.00031700551987877217,0.007883196922972577,0.011245372000743227,0.014298990707446517
