,batch_size,decay,dropout,lr,num_units,wlen
0,16,0.00017093905381507013,-0.3403538061771059,0.0003084404115224196,250,70
