,Train MSE,Dev MSE,Test MSE,Train MAE,Dev MAE,Test MAE
0,2.07638343402307e-05,0.00011792770664426156,0.0004670952547171843,0.003302191321737988,0.006156011381091256,0.01760369420724103
