,batch_size,decay,dropout,lr,num_units,wlen
0,16,0.00028963595887199765,-0.4519164107400986,9.537210209787775e-05,300,110
