,Train MSE,Dev MSE,Test MSE,Train MAE,Dev MAE,Test MAE
0,8.075008831337136e-05,0.00019713103423009217,0.0010640441201891298,0.005975033242059075,0.008776766059054437,0.026890442956490353
