,batch_size,decay,dropout,lr,num_units,wlen
0,16,1.7379320460880598e-06,-0.1663548481749486,8.076344516792771e-06,100,110
