,Train MSE,Dev MSE,Test MSE,Train MAE,Dev MAE,Test MAE
0,0.0002960020426704719,0.0004461339530116238,0.0017049584965249734,0.011113850558319722,0.012899608114579372,0.037209711129961735
