,batch_size,decay,dropout,lr,num_units,wlen
0,64,3.4091540602142657e-07,-0.2929619777257756,1.3238258585782914e-05,300,130
