,Train MSE,Dev MSE,Test MSE,Train MAE,Dev MAE,Test MAE
0,0.0003391468826097678,0.000520835654992487,0.0005979596742304046,0.012373976396488314,0.01485409224056951,0.02089296166110167
