,batch_size,decay,dropout,lr,num_units,wlen
0,128,2.495400157440222e-06,-0.2773304530551002,0.004989972317036095,50,100
