,Train MSE,Dev MSE,Test MSE,Train MAE,Dev MAE,Test MAE
0,9.657899007209146e-05,0.000207800347809529,0.0005729769982731294,0.00685243853413065,0.009312360957252509,0.017098833175949155
