,batch_size,decay,dropout,lr,num_units,wlen
0,64,1.935222486801234e-07,-0.48920643503718253,1.4056089337686829e-05,250,130
