,Train MSE,Dev MSE,Test MSE,Train MAE,Dev MAE,Test MAE
0,0.0003670307204398116,0.0005635806887501685,0.0008405581611066162,0.01266799721372967,0.01512495032986179,0.023672852344621787
