,batch_size,decay,dropout,lr,num_units,wlen
0,32,3.9113018438615895e-07,-0.10179721173171874,5.3943994844730563e-05,50,100
