,Train MSE,Dev MSE,Test MSE,Train MAE,Dev MAE,Test MAE
0,0.00018961027392815007,0.0002896082686285848,0.00036599216765849515,0.009206325185616971,0.010987197392115192,0.015086397861402505
