,batch_size,decay,dropout,lr,num_units,wlen
0,16,1.7925847164494956e-05,-0.43949965000025737,0.0033310730330796843,100,110
