,Train MSE,Dev MSE,Test MSE,Train MAE,Dev MAE,Test MAE
0,8.117015359215756e-05,0.0003144593632853813,0.00016301528236163895,0.006473486528461227,0.0107742511267167,0.0098969593311476
