,batch_size,decay,dropout,lr,num_units,wlen
0,64,1.7398246019886685e-06,-0.3947242692269498,0.0011448102874443175,100,60
