,batch_size,decay,dropout,lr,num_units,wlen
0,64,0.0006009336276089581,-0.27260258156984285,8.875605397784639e-05,50,100
