,Train MSE,Dev MSE,Test MSE,Train MAE,Dev MAE,Test MAE
0,0.0003088285379572236,0.00035296157612863476,0.0012828449888159235,0.01122460611757664,0.01174941829794244,0.02951049170169108
