,batch_size,decay,dropout,lr,num_units,wlen
0,128,5.312649115675477e-06,-0.23656123111875857,1.541578098636558e-05,250,100
