,Train MSE,Dev MSE,Test MSE,Train MAE,Dev MAE,Test MAE
0,0.00035967353531609063,0.0004268341440788265,0.0013690387455590376,0.012307069873675528,0.013123365189087388,0.028892461997199605
