,batch_size,decay,dropout,lr,num_units,wlen
0,64,3.360303007384803e-05,-0.4100744162145098,0.000694081115144666,250,120
