,Train MSE,Dev MSE,Test MSE,Train MAE,Dev MAE,Test MAE
0,0.0002778127316548482,0.0004356490358605565,0.00012998827102509146,0.011756536403793587,0.013467212873793696,0.00978331113699302
