,batch_size,decay,dropout,lr,num_units,wlen
0,16,1.143975989946877e-06,-0.13060999606811038,6.580653948771337e-05,150,110
