,Train MSE,Dev MSE,Test MSE,Train MAE,Dev MAE,Test MAE
0,9.39667535996465e-05,0.00021949875600511332,0.0006499668249843249,0.00670614094768798,0.009352997305991697,0.020993589765677344
