,batch_size,decay,dropout,lr,num_units,wlen
0,32,1.0831316221929646e-07,-0.35483545641661907,8.098681270271162e-06,150,70
