,Train MSE,Dev MSE,Test MSE,Train MAE,Dev MAE,Test MAE
0,0.0003082486206967105,0.00035518789636665064,0.0024093771954406705,0.011114302980668714,0.01122740807158215,0.040184932935878104
