,batch_size,decay,dropout,lr,num_units,wlen
0,16,7.1651499369231356e-06,-0.36247417698736395,8.340207281211731e-05,300,60
